first_name,last_name,email,gender,ip_address
Brenda,James,bjames0@ebay.co.uk,Female,213.137.8.217
Charles,Olson,colson1@goodreads.com,Male,60.163.220.159
Aaron,Rogers,arogers2@amazonaws.com,Male,77.178.99.221
Cynthia,Murphy,cmurphy3@angelfire.com,Female,80.150.28.166
Sara,Brown,sbrown4@discuz.net,Female,6.230.35.109
Gloria,Moore,gmoore5@addtoany.com,Female,65.80.141.57
Samuel,Edwards,sedwards6@ehow.com,Male,0.43.122.119
Henry,Johnson,hjohnson7@psu.edu,Male,150.144.64.158
Kathleen,Mccoy,kmccoy8@usda.gov,Female,208.215.185.42
Shirley,Carter,scarter9@cbc.ca,Female,245.108.18.110
Christine,George,cgeorgea@china.com.cn,Female,84.89.168.235
Dennis,Morgan,dmorganb@addtoany.com,Male,248.138.109.47
Emily,Lawson,elawsonc@reddit.com,Female,95.238.7.228
Marie,Henderson,mhendersond@desdev.cn,Female,79.59.128.28
Stacy,Male,smale@npr.org,Female,105.53.164.175
Patricia,Holmes,pholmese@bigcartel.com,Female,132.20.195.79
Jimmy,Bailey,jbaileyf@hp.com,Male,55.38.149.226
Billy,Rogers,brogersg@moonfruit.com,Male,216.99.8.151
Keith,Burke,kburkeh@feedburner.com,Male,163.39.216.66
Kathleen,Bailey,kbaileyi@cpanel.net,Female,155.95.78.233
Carl,Patterson,cpattersonj@washingtonpost.com,Male,55.93.144.16
Stephanie,Murphy,smurphyk@slashdot.org,Female,239.14.72.34
Barbara,Torres,btorresl@uiuc.edu,Female,1.107.153.203
Judith,Morales,jmoralesm@rediff.com,Female,27.14.167.241
Mary,Wallace,mwallacen@huffingtonpost.com,Female,40.37.104.141
Phillip,Bennett,pbennetto@bandcamp.com,Male,95.189.212.11
Dorothy,Schmidt,dschmidtp@state.tx.us,Female,11.6.197.109
Mary,Sims,msimsq@google.com.au,Female,118.71.55.0
Adam,Jones,ajonesr@sitemeter.com,Male,141.35.56.130
Matthew,Kelly,mkellys@yelp.com,Male,106.213.194.179
Arthur,Peters,apeterst@linkedin.com,Male,23.2.21.236
Katherine,Porter,kporteru@paypal.com,Female,238.185.151.120
Debra,Stewart,dstewartv@dion.ne.jp,Female,254.88.20.92
Doris,Fisher,dfisherw@seattletimes.com,Female,135.174.133.111
Jeremy,Lee,jleex@hc360.com,Male,216.173.14.249
Irene,Stewart,istewarty@vistaprint.com,Female,114.80.17.152
Christopher,Cunningham,ccunninghamz@time.com,Male,74.177.9.29
Roy,Nguyen,rnguyen10@imgur.com,Male,93.252.157.242
Douglas,Ross,dross11@hatena.ne.jp,Male,220.103.49.78
Alice,Wagner,awagner12@reddit.com,Female,38.104.130.113
Joshua,Fuller,jfuller13@quantcast.com,Male,156.154.27.16
Julie,Carpenter,jcarpenter14@photobucket.com,Female,137.199.217.80
Douglas,Rodriguez,drodriguez15@google.de,Male,136.224.221.124
Sandra,Cook,scook16@imgur.com,Female,203.171.1.146
Melissa,Larson,mlarson17@jigsy.com,Female,198.74.92.2
Pamela,Collins,pcollins18@networksolutions.com,Female,65.164.137.98
Donald,Gardner,dgardner19@clickbank.net,Male,165.188.184.170
Antonio,Frazier,afrazier1a@yahoo.com,Male,92.190.23.111
Clarence,Chapman,cchapman1b@bbb.org,Male,201.114.164.188
Rose,Freeman,rfreeman1c@mashable.com,Female,46.129.148.207
Eric,Hall,ehall1d@who.int,Male,117.238.183.87
Jose,Price,jprice1e@yelp.com,Male,191.116.32.91
Pamela,Wilson,pwilson1f@java.com,Female,154.194.249.178
Eric,Gonzales,egonzales1g@guardian.co.uk,Male,200.190.91.7
Shawn,Lopez,slopez1h@nih.gov,Male,237.75.167.60
Thomas,Lee,tlee1i@joomla.org,Male,131.184.235.110
Louis,Reynolds,lreynolds1j@harvard.edu,Male,230.231.54.239
Ralph,Foster,rfoster1k@barnesandnoble.com,Male,137.30.40.8
Sarah,Kim,skim1l@noaa.gov,Female,82.76.198.30
Daniel,Carpenter,dcarpenter1m@cnet.com,Male,130.147.90.20
Jean,Boyd,jboyd1n@phoca.cz,Female,4.220.118.114
Aaron,Chapman,achapman1o@xinhuanet.com,Male,3.44.186.164
Amanda,Matthews,amatthews1p@un.org,Female,198.16.0.6
Emily,Hanson,ehanson1q@cdbaby.com,Female,86.6.204.119
Albert,Gordon,agordon1r@e-recht24.de,Male,228.39.197.182
Kelly,Olson,kolson1s@alexa.com,Female,103.42.66.237
Craig,Jordan,cjordan1t@utexas.edu,Male,187.61.88.56
Lawrence,Butler,lbutler1u@angelfire.com,Male,217.166.148.111
David,Reynolds,dreynolds1v@miibeian.gov.cn,Male,43.42.129.36
Mark,Hamilton,mhamilton1w@hp.com,Male,185.66.217.136
Dorothy,Dunn,ddunn1x@toplist.cz,Female,149.34.60.56
Mary,Sims,msims1y@purevolume.com,Female,157.206.225.251
Carl,Henderson,chenderson1z@businesswire.com,Male,240.18.196.248
Melissa,Simmons,msimmons20@marketwatch.com,Female,159.88.1.30
Jonathan,Castillo,jcastillo21@harvard.edu,Male,80.227.174.160
Tina,Palmer,tpalmer22@scientificamerican.com,Female,5.64.10.148
Nicole,Reed,nreed23@google.com.au,Female,165.181.96.204
Janet,Kennedy,jkennedy24@live.com,Female,98.246.137.194
Lillian,Reyes,lreyes25@diigo.com,Female,197.130.146.123
Heather,Gutierrez,hgutierrez26@ocn.ne.jp,Female,100.200.222.23
Kathryn,Moore,kmoore27@ameblo.jp,Female,209.193.83.115
Steve,Roberts,sroberts28@ucoz.com,Male,23.50.125.3
Emily,Rice,erice29@reverbnation.com,Female,35.29.140.100
Heather,Black,hblack2a@scientificamerican.com,Female,119.20.107.34
Debra,Day,dday2b@bluehost.com,Female,135.14.27.23
Ryan,Rose,rrose2c@phpbb.com,Male,45.40.3.85
Kelly,Morales,kmorales2d@earthlink.net,Female,212.46.238.153
Theresa,Tucker,ttucker2e@chicagotribune.com,Female,112.98.24.118
Virginia,Bennett,vbennett2f@ow.ly,Female,181.11.33.158
Lisa,Mitchell,lmitchell2g@spotify.com,Female,44.241.224.11
Gerald,Reid,greid2h@list-manage.com,Male,16.171.8.250
Martin,Ford,mford2i@infoseek.co.jp,Male,32.90.145.125
Pamela,Myers,pmyers2j@dion.ne.jp,Female,123.145.19.116
Steven,Howell,showell2k@acquirethisname.com,Male,77.106.190.19
William,Banks,wbanks2l@ezinearticles.com,Male,39.229.79.179
Lori,Boyd,lboyd2m@pbs.org,Female,196.208.101.165
Dorothy,Garrett,dgarrett2n@bloglines.com,Female,55.128.18.66
Annie,Dunn,adunn2o@tamu.edu,Female,71.34.217.172
Laura,Lopez,llopez2p@etsy.com,Female,159.5.85.56
Ann,George,ageorge2q@thetimes.co.uk,Female,136.147.89.7
Pamela,Stone,pstone2r@utexas.edu,Female,214.97.20.1
John,Stevens,jstevens2s@cdc.gov,Male,206.134.98.88
Stephen,Austin,saustin2t@nasa.gov,Male,104.116.71.146
Edward,Wheeler,ewheeler2u@uiuc.edu,Male,190.17.93.107
Ronald,Mitchell,rmitchell2v@nsw.gov.au,Male,142.222.27.220
Richard,Medina,rmedina2w@tumblr.com,Male,193.99.88.211
Stephanie,Cooper,scooper2x@digg.com,Female,142.192.247.221
Richard,Olson,rolson2y@miitbeian.gov.cn,Male,243.196.20.239
Clarence,Dunn,cdunn2z@marketwatch.com,Male,42.150.147.192
Cynthia,Fuller,cfuller30@domainmarket.com,Female,191.136.5.212
Theresa,Williamson,twilliamson31@kickstarter.com,Female,214.4.168.255
Anne,Grant,agrant32@dagondesign.com,Female,187.254.113.198
Louis,Lynch,llynch33@typepad.com,Male,73.101.211.229
Jonathan,Kelly,jkelly34@dailymail.co.uk,Male,52.120.27.139
Anne,Elliott,aelliott35@icio.us,Female,24.34.14.100
Walter,Robertson,wrobertson36@technorati.com,Male,222.229.129.63
Kevin,Butler,kbutler37@slate.com,Male,237.77.82.94
Tina,Murray,tmurray38@noaa.gov,Female,14.5.53.225
Billy,Mcdonald,bmcdonald39@cdbaby.com,Male,204.92.94.62
Christopher,Myers,cmyers3a@spotify.com,Male,13.202.34.116
Clarence,Green,cgreen3b@census.gov,Male,170.189.99.82
Ann,Richards,arichards3c@webs.com,Female,63.95.218.27
Paul,Stone,pstone3d@geocities.jp,Male,149.174.144.170
Michelle,Young,myoung3e@cnbc.com,Female,61.0.66.255
Sara,Warren,swarren3f@feedburner.com,Female,57.243.149.38
Russell,Cruz,rcruz3g@alexa.com,Male,164.100.11.138
Sara,Clark,sclark3h@privacy.gov.au,Female,198.211.7.197
Robert,Walker,rwalker3i@cmu.edu,Male,123.5.254.164
Henry,Lawrence,hlawrence3j@mac.com,Male,147.64.27.16
Linda,Fields,lfields3k@vimeo.com,Female,98.26.137.164
Walter,Williams,wwilliams3l@arstechnica.com,Male,84.206.203.29
Paul,Gonzales,pgonzales3m@illinois.edu,Male,199.144.102.69
Richard,Williams,rwilliams3n@newsvine.com,Male,226.48.115.136
Jennifer,Burton,jburton3o@theatlantic.com,Female,221.40.23.79
Carolyn,Coleman,ccoleman3p@ebay.com,Female,206.128.195.42
Jacqueline,Ortiz,jortiz3q@odnoklassniki.ru,Female,210.151.128.85
Diana,Perry,dperry3r@photobucket.com,Female,158.173.19.51
Walter,Lopez,wlopez3s@dmoz.org,Male,160.45.20.223
Susan,Sanders,ssanders3t@bbb.org,Female,110.162.26.148
Joseph,Morrison,jmorrison3u@google.com.hk,Male,162.255.219.116
Rachel,Porter,rporter3v@nba.com,Female,107.109.11.6
Robin,Richardson,rrichardson3w@yale.edu,Female,246.182.176.120
Ernest,Dean,edean3x@newsvine.com,Male,188.69.88.196
Marilyn,Wells,mwells3y@cornell.edu,Female,102.215.13.43
Mildred,Wilson,mwilson3z@vkontakte.ru,Female,106.134.251.102
Betty,Dean,bdean40@free.fr,Female,83.223.140.134
Jacqueline,Little,jlittle41@unc.edu,Female,123.117.205.70
Carlos,Kelley,ckelley42@altervista.org,Male,119.209.199.177
William,Owens,wowens43@bravesites.com,Male,156.89.153.23
Stephanie,Robertson,srobertson44@is.gd,Female,250.58.50.181
Amy,Stone,astone45@indiatimes.com,Female,30.0.204.44
Jack,Patterson,jpatterson46@ifeng.com,Male,47.149.114.233
Billy,Weaver,bweaver47@upenn.edu,Male,99.234.35.41
David,Olson,dolson48@yelp.com,Male,53.144.254.190
Ann,Stanley,astanley49@fotki.com,Female,150.34.108.152
Anthony,Gordon,agordon4a@illinois.edu,Male,20.227.118.30
Karen,Montgomery,kmontgomery4b@yellowpages.com,Female,253.18.192.49
Pamela,Smith,psmith4c@timesonline.co.uk,Female,86.175.192.92
Mark,Henry,mhenry4d@t-online.de,Male,2.194.228.37
Michael,Burke,mburke4e@wordpress.org,Male,112.55.107.9
Fred,Ruiz,fruiz4f@xinhuanet.com,Male,200.252.98.21
Shawn,Robertson,srobertson4g@buzzfeed.com,Male,161.143.190.27
Roger,Russell,rrussell4h@nih.gov,Male,228.135.255.174
Dorothy,Bradley,dbradley4i@ameblo.jp,Female,122.115.222.242
Cheryl,Simmons,csimmons4j@reference.com,Female,98.143.2.36
Wanda,Lane,wlane4k@rediff.com,Female,7.22.204.193
Teresa,Ramirez,tramirez4l@shop-pro.jp,Female,141.143.212.60
Stephen,Tucker,stucker4m@artisteer.com,Male,55.87.153.185
Ruby,Stewart,rstewart4n@sciencedaily.com,Female,53.174.170.190
Rachel,Bradley,rbradley4o@microsoft.com,Female,202.185.83.157
Jimmy,Romero,jromero4p@ameblo.jp,Male,47.115.85.57
Larry,Williams,lwilliams4q@ox.ac.uk,Male,156.113.230.252
Teresa,Romero,tromero4r@cnet.com,Female,7.21.82.125
Gary,Watson,gwatson4s@irs.gov,Male,227.222.235.170
Bonnie,Howard,bhoward4t@blinklist.com,Female,220.226.1.107
Melissa,Diaz,mdiaz4u@virginia.edu,Female,107.54.127.17
Laura,Larson,llarson4v@ed.gov,Female,103.22.116.106
Douglas,Chavez,dchavez4w@japanpost.jp,Male,147.121.210.0
Ruth,Montgomery,rmontgomery4x@theatlantic.com,Female,250.74.14.80
Carlos,Harris,charris4y@phoca.cz,Male,191.223.237.207
Anthony,Bailey,abailey4z@ustream.tv,Male,235.7.50.71
Billy,Phillips,bphillips50@tripod.com,Male,16.239.184.106
Deborah,Reid,dreid51@intel.com,Female,237.190.153.64
Barbara,Ortiz,bortiz52@exblog.jp,Female,149.1.55.57
Judy,Day,jday53@cam.ac.uk,Female,181.52.153.71
Angela,Wheeler,awheeler54@economist.com,Female,6.101.42.170
Carlos,Fernandez,cfernandez55@irs.gov,Male,237.186.0.170
David,Mitchell,dmitchell56@surveymonkey.com,Male,59.104.154.22
Anne,Jordan,ajordan57@un.org,Female,189.206.185.52
Heather,Kennedy,hkennedy58@wunderground.com,Female,12.238.146.127
Steve,Walker,swalker59@myspace.com,Male,48.217.114.175
Craig,Torres,ctorres5a@over-blog.com,Male,152.198.108.5
Angela,Sullivan,asullivan5b@rambler.ru,Female,142.241.198.129
Justin,Mcdonald,jmcdonald5c@si.edu,Male,81.94.154.239
Teresa,Dunn,tdunn5d@woothemes.com,Female,68.57.195.170
Mildred,Harris,mharris5e@issuu.com,Female,12.19.53.159
Andrew,Alexander,aalexander5f@spotify.com,Male,134.0.47.188
Jeffrey,Lane,jlane5g@msu.edu,Male,48.221.71.138
Carl,Cook,ccook5h@prnewswire.com,Male,236.250.15.134
Rose,Flores,rflores5i@comcast.net,Female,37.46.255.231
Earl,Johnson,ejohnson5j@etsy.com,Male,177.57.235.117
Norma,Boyd,nboyd5k@mlb.com,Female,184.79.176.130
Jennifer,Richardson,jrichardson5l@clickbank.net,Female,177.134.50.116
Beverly,Hunt,bhunt5m@livejournal.com,Female,154.21.224.185
Wanda,Clark,wclark5n@miibeian.gov.cn,Female,175.7.255.7
Robin,Black,rblack5o@upenn.edu,Female,222.235.86.195
Jimmy,Turner,jturner5p@examiner.com,Male,50.222.76.17
Clarence,Gutierrez,cgutierrez5q@wunderground.com,Male,214.244.212.219
Evelyn,Hudson,ehudson5r@shinystat.com,Female,119.100.181.54
Jimmy,Carr,jcarr5s@xinhuanet.com,Male,5.124.2.46
Michael,Cole,mcole5t@symantec.com,Male,125.219.66.95
Jennifer,Patterson,jpatterson5u@google.co.jp,Female,174.250.151.120
Maria,Henderson,mhenderson5v@dailymail.co.uk,Female,11.79.12.236
Julia,Lee,jlee5w@deviantart.com,Female,9.81.78.55
Sharon,Hunt,shunt5x@parallels.com,Female,222.173.211.51
Joan,Griffin,jgriffin5y@cbslocal.com,Female,167.54.99.233
Donna,Stanley,dstanley5z@prnewswire.com,Female,223.18.197.61
Phillip,Ryan,pryan60@jugem.jp,Male,90.147.214.152
Walter,Jacobs,wjacobs61@mozilla.com,Male,69.146.199.47
Annie,Medina,amedina62@linkedin.com,Female,86.30.141.41
Scott,Patterson,spatterson63@elpais.com,Male,0.32.24.202
Ashley,Green,agreen64@51.la,Female,199.218.69.185
Roy,Harper,rharper65@fc2.com,Male,129.250.229.98
Craig,Moore,cmoore66@rakuten.co.jp,Male,100.128.201.248
Kevin,Little,klittle67@gmpg.org,Male,46.45.47.183
Nancy,Walker,nwalker68@paginegialle.it,Female,117.37.140.81
Ralph,Austin,raustin69@w3.org,Male,57.139.73.114
Antonio,Morris,amorris6a@gmpg.org,Male,189.119.173.197
Aaron,White,awhite6b@hexun.com,Male,212.35.139.163
Deborah,Ferguson,dferguson6c@unicef.org,Female,76.118.34.121
Patrick,Rivera,privera6d@homestead.com,Male,140.81.117.5
Dennis,Grant,dgrant6e@berkeley.edu,Male,133.112.185.173
Scott,Jones,sjones6f@tamu.edu,Male,28.186.109.123
Elizabeth,Myers,emyers6g@webnode.com,Female,102.153.173.0
Dorothy,Garza,dgarza6h@auda.org.au,Female,47.142.73.191
Marie,Moore,mmoore6i@amazon.com,Female,64.92.187.62
Fred,Wheeler,fwheeler6j@samsung.com,Male,172.1.170.114
Charles,Campbell,ccampbell6k@nba.com,Male,58.120.221.95
Lori,Wheeler,lwheeler6l@freewebs.com,Female,152.49.226.194
Annie,White,awhite6m@nyu.edu,Female,11.197.186.139
Sandra,Thompson,sthompson6n@state.gov,Female,47.194.174.101
Karen,Peterson,kpeterson6o@whitehouse.gov,Female,198.100.177.59
Joe,Franklin,jfranklin6p@de.vu,Male,150.33.167.4
Steven,Dixon,sdixon6q@arstechnica.com,Male,59.29.144.229
Virginia,Lynch,vlynch6r@mail.ru,Female,62.249.64.245
Karen,Morales,kmorales6s@zimbio.com,Female,75.89.234.213
Eric,Ramos,eramos6t@tiny.cc,Male,38.212.17.140
Nicole,Greene,ngreene6u@nsw.gov.au,Female,165.181.59.193
Raymond,Morrison,rmorrison6v@delicious.com,Male,178.171.33.157
Anthony,Stewart,astewart6w@people.com.cn,Male,124.161.128.36
Wanda,Lawrence,wlawrence6x@domainmarket.com,Female,253.87.26.124
Ruby,Peterson,rpeterson6y@about.me,Female,12.72.151.103
Rose,Bell,rbell6z@nyu.edu,Female,145.249.1.27
Frank,Wheeler,fwheeler70@businessweek.com,Male,233.104.106.168
Peter,Adams,padams71@adobe.com,Male,76.163.186.58
Jean,Carter,jcarter72@liveinternet.ru,Female,110.94.145.58
Amanda,Wallace,awallace73@cafepress.com,Female,65.189.198.250
Helen,Burton,hburton74@columbia.edu,Female,123.117.61.230
Arthur,Graham,agraham75@pbs.org,Male,33.117.206.76
Brian,West,bwest76@psu.edu,Male,50.221.101.1
Carl,Lawson,clawson77@boston.com,Male,145.85.7.101
Marie,Fowler,mfowler78@baidu.com,Female,55.130.252.253
Judith,Stewart,jstewart79@domainmarket.com,Female,39.8.22.40
Russell,Freeman,rfreeman7a@shareasale.com,Male,15.251.74.147
Diana,Jacobs,djacobs7b@nyu.edu,Female,0.194.13.167
Kimberly,Owens,kowens7c@netlog.com,Female,175.43.20.255
Henry,Marshall,hmarshall7d@baidu.com,Male,194.36.11.36
Jason,Henry,jhenry7e@mysql.com,Male,214.205.144.171
Emily,Dixon,edixon7f@hatena.ne.jp,Female,241.147.164.191
Deborah,Turner,dturner7g@360.cn,Female,86.114.94.227
Denise,Kelley,dkelley7h@ebay.co.uk,Female,98.113.201.182
Joseph,Cox,jcox7i@chicagotribune.com,Male,57.40.149.211
Martin,Lawrence,mlawrence7j@zdnet.com,Male,20.204.35.123
Rachel,Pierce,rpierce7k@disqus.com,Female,22.44.133.49
Joyce,Rose,jrose7l@hibu.com,Female,33.163.69.83
Melissa,Hart,mhart7m@illinois.edu,Female,250.96.193.42
Heather,Gutierrez,hgutierrez7n@mayoclinic.com,Female,130.99.1.224
Marilyn,Sanchez,msanchez7o@trellian.com,Female,27.128.186.151
Ralph,Long,rlong7p@europa.eu,Male,108.230.73.167
Raymond,Gardner,rgardner7q@hibu.com,Male,238.63.89.224
Charles,Mendoza,cmendoza7r@cyberchimps.com,Male,182.111.195.122
Nancy,Perry,nperry7s@dyndns.org,Female,181.67.124.4
Kevin,Parker,kparker7t@ihg.com,Male,79.241.98.210
Fred,Harrison,fharrison7u@ebay.com,Male,67.40.52.10
Brandon,Scott,bscott7v@sitemeter.com,Male,44.254.122.144
Rachel,Warren,rwarren7w@ocn.ne.jp,Female,146.127.253.242
Phyllis,Bryant,pbryant7x@webnode.com,Female,207.93.198.9
Carlos,Watson,cwatson7y@nba.com,Male,175.11.126.192
Clarence,Holmes,cholmes7z@cam.ac.uk,Male,136.55.26.0
Russell,Cooper,rcooper80@weibo.com,Male,204.229.224.130
Catherine,Meyer,cmeyer81@skype.com,Female,249.29.27.12
Barbara,Gardner,bgardner82@blog.com,Female,243.233.212.14
Adam,Myers,amyers83@nifty.com,Male,224.216.195.212
Russell,Kelly,rkelly84@pbs.org,Male,195.17.11.44
Brian,Stevens,bstevens85@lulu.com,Male,155.227.202.174
Nancy,Gonzales,ngonzales86@yale.edu,Female,71.83.110.193
Katherine,Young,kyoung87@google.com,Female,227.135.49.158
Lawrence,Henry,lhenry88@japanpost.jp,Male,175.31.242.12
Daniel,Morrison,dmorrison89@sun.com,Male,220.158.193.45
Anna,Fields,afields8a@miitbeian.gov.cn,Female,129.4.91.74
George,Mills,gmills8b@myspace.com,Male,77.158.188.137
Kevin,Burton,kburton8c@delicious.com,Male,58.223.155.45
Henry,Little,hlittle8d@amazon.com,Male,77.225.186.39
Timothy,Fuller,tfuller8e@blinklist.com,Male,134.247.251.171
Alan,Garrett,agarrett8f@xing.com,Male,71.16.18.241
Anna,Hansen,ahansen8g@netlog.com,Female,112.9.159.128
Brandon,Palmer,bpalmer8h@pcworld.com,Male,166.10.60.132
Wayne,James,wjames8i@un.org,Male,191.44.31.42
Alice,Reynolds,areynolds8j@hibu.com,Female,186.76.5.47
Janice,Grant,jgrant8k@latimes.com,Female,167.97.72.17
Christine,Fisher,cfisher8l@uiuc.edu,Female,24.40.184.69
Diana,Jones,djones8m@narod.ru,Female,185.225.13.75
Frank,Fuller,ffuller8n@chicagotribune.com,Male,221.116.175.47
Patrick,James,pjames8o@naver.com,Male,95.150.142.99
Louise,Cole,lcole8p@qq.com,Female,71.112.190.179
Paula,Duncan,pduncan8q@businessinsider.com,Female,58.153.41.221
Christina,Richardson,crichardson8r@dmoz.org,Female,149.118.188.112
Anthony,Mendoza,amendoza8s@umn.edu,Male,127.231.128.134
Donna,Romero,dromero8t@tripod.com,Female,236.104.207.205
Michelle,Barnes,mbarnes8u@nih.gov,Female,214.248.95.46
Annie,Chavez,achavez8v@eepurl.com,Female,120.65.235.181
Louis,Warren,lwarren8w@cnbc.com,Male,107.65.237.247
Lillian,Rose,lrose8x@salon.com,Female,34.114.205.73
Wayne,Sanchez,wsanchez8y@etsy.com,Male,251.25.1.175
Karen,Rose,krose8z@scientificamerican.com,Female,136.190.220.180
Scott,Reynolds,sreynolds90@w3.org,Male,213.156.120.179
Wanda,Owens,wowens91@state.gov,Female,15.199.159.8
Jimmy,Rice,jrice92@typepad.com,Male,86.245.222.101
Thomas,Palmer,tpalmer93@nature.com,Male,13.156.91.66
Karen,Miller,kmiller94@ovh.net,Female,114.213.51.100
Amanda,Hamilton,ahamilton95@angelfire.com,Female,115.118.142.168
Judith,Armstrong,jarmstrong96@nature.com,Female,64.14.151.22
Tammy,Richardson,trichardson97@ed.gov,Female,63.246.95.188
Raymond,Peterson,rpeterson98@blogger.com,Male,237.45.124.227
Christopher,Warren,cwarren99@stanford.edu,Male,143.154.199.56
Stephen,Cunningham,scunningham9a@seesaa.net,Male,186.65.54.160
Paula,Shaw,pshaw9b@parallels.com,Female,243.52.179.132
Keith,Bradley,kbradley9c@blogtalkradio.com,Male,74.19.63.51
Catherine,Lynch,clynch9d@indiegogo.com,Female,35.201.2.140
Nicholas,Chavez,nchavez9e@bandcamp.com,Male,242.42.207.237
Janet,West,jwest9f@toplist.cz,Female,107.214.251.206
Harry,Harris,hharris9g@surveymonkey.com,Male,152.95.116.85
Patricia,Chapman,pchapman9h@google.pl,Female,49.19.84.37
Jean,Fisher,jfisher9i@ibm.com,Female,25.146.31.191
Harry,Phillips,hphillips9j@sfgate.com,Male,54.230.186.205
Jean,Roberts,jroberts9k@washingtonpost.com,Female,127.114.38.99
Roy,Mccoy,rmccoy9l@chronoengine.com,Male,176.159.38.149
Diane,Marshall,dmarshall9m@tiny.cc,Female,126.180.30.86
Jonathan,Holmes,jholmes9n@pcworld.com,Male,39.217.158.8
Ralph,Austin,raustin9o@unesco.org,Male,45.158.62.24
Cheryl,Daniels,cdaniels9p@ucsd.edu,Female,9.91.60.228
Kenneth,Carpenter,kcarpenter9q@netlog.com,Male,197.133.7.84
David,Dixon,ddixon9r@vinaora.com,Male,100.8.233.221
Phillip,Brown,pbrown9s@nyu.edu,Male,81.235.142.172
Louis,Hansen,lhansen9t@de.vu,Male,78.34.54.224
Eric,Daniels,edaniels9u@behance.net,Male,97.192.99.11
Phillip,Mitchell,pmitchell9v@pinterest.com,Male,87.24.250.224
Frances,Davis,fdavis9w@histats.com,Female,154.243.105.22
Samuel,Dixon,sdixon9x@theatlantic.com,Male,167.201.91.184
Patrick,Perez,pperez9y@oracle.com,Male,220.196.57.107
Adam,Taylor,ataylor9z@cdbaby.com,Male,65.66.73.164
Alice,Lawrence,alawrencea0@digg.com,Female,170.198.112.201
Shirley,Duncan,sduncana1@technorati.com,Female,42.195.151.190
Brian,Bowman,bbowmana2@slate.com,Male,108.72.226.105
Johnny,Patterson,jpattersona3@prnewswire.com,Male,129.32.96.194
Judy,Reid,jreida4@bizjournals.com,Female,72.247.65.212
Lillian,Roberts,lrobertsa5@digg.com,Female,239.29.213.71
Marilyn,Peterson,mpetersona6@theguardian.com,Female,17.4.137.168
Alan,Harvey,aharveya7@bravesites.com,Male,205.137.34.173
Edward,Kelly,ekellya8@weebly.com,Male,46.226.86.193
Helen,Williams,hwilliamsa9@ca.gov,Female,254.171.172.168
Jane,Bryant,jbryantaa@cnbc.com,Female,180.9.102.93
Wanda,Simpson,wsimpsonab@boston.com,Female,107.4.123.67
Barbara,Henry,bhenryac@devhub.com,Female,88.163.233.157
Amy,Fisher,afisherad@biglobe.ne.jp,Female,184.208.187.238
Beverly,Ortiz,bortizae@marriott.com,Female,14.191.115.254
Christina,Garza,cgarzaaf@prlog.org,Female,178.85.87.225
Phyllis,Watson,pwatsonag@1688.com,Female,142.148.31.77
Kelly,Owens,kowensah@cyberchimps.com,Female,242.254.30.224
Janet,Clark,jclarkai@imdb.com,Female,134.139.88.169
Ann,Wagner,awagneraj@bloglines.com,Female,193.255.107.249
Jean,Howard,jhowardak@umich.edu,Female,216.7.220.207
Theresa,Reed,treedal@t.co,Female,44.169.45.7
Nicole,Cunningham,ncunninghamam@example.com,Female,216.152.97.127
Nancy,Bryant,nbryantan@sohu.com,Female,59.117.175.185
Stephanie,Lopez,slopezao@nasa.gov,Female,164.225.129.18
Donald,Nichols,dnicholsap@nationalgeographic.com,Male,15.68.22.78
Tammy,Nelson,tnelsonaq@altervista.org,Female,150.251.149.174
Amy,Payne,apaynear@aol.com,Female,106.215.28.100
Carolyn,Gray,cgrayas@posterous.com,Female,15.207.198.235
Jonathan,Chapman,jchapmanat@i2i.jp,Male,114.241.119.138
Jason,Owens,jowensau@g.co,Male,7.104.161.108
Carol,Daniels,cdanielsav@latimes.com,Female,9.250.81.32
Kimberly,Sanders,ksandersaw@4shared.com,Female,244.75.75.111
Craig,Kim,ckimax@over-blog.com,Male,155.34.133.205
Donna,Hart,dhartay@wisc.edu,Female,95.238.21.98
George,Ray,grayaz@wordpress.org,Male,3.150.206.111
Joshua,Garza,jgarzab0@ameblo.jp,Male,206.125.14.125
Philip,Dean,pdeanb1@twitpic.com,Male,30.24.172.105
Bruce,Foster,bfosterb2@howstuffworks.com,Male,118.250.58.250
Billy,Lynch,blynchb3@walmart.com,Male,183.122.221.79
Jack,Arnold,jarnoldb4@intel.com,Male,107.80.23.52
Gerald,Cox,gcoxb5@hibu.com,Male,71.231.173.228
Stephen,George,sgeorgeb6@tamu.edu,Male,64.65.215.105
Amanda,Hill,ahillb7@dailymail.co.uk,Female,13.29.1.131
Daniel,Harrison,dharrisonb8@shareasale.com,Male,142.107.73.154
Deborah,Boyd,dboydb9@gmpg.org,Female,37.172.65.94
Kimberly,Morgan,kmorganba@miibeian.gov.cn,Female,245.66.185.159
Victor,Welch,vwelchbb@so-net.ne.jp,Male,190.178.196.44
Scott,Schmidt,sschmidtbc@photobucket.com,Male,170.78.37.132
Jane,Alexander,jalexanderbd@bloglines.com,Female,97.212.169.218
Douglas,Daniels,ddanielsbe@scientificamerican.com,Male,166.119.34.105
Nicole,Morales,nmoralesbf@webnode.com,Female,36.61.130.112
Jennifer,Harris,jharrisbg@rakuten.co.jp,Female,126.97.229.246
Irene,Hanson,ihansonbh@wikipedia.org,Female,134.182.17.119
Catherine,Kim,ckimbi@cyberchimps.com,Female,84.196.41.246
Virginia,Snyder,vsnyderbj@google.com.hk,Female,193.26.25.188
Joyce,Lawson,jlawsonbk@issuu.com,Female,71.107.42.77
Nicholas,Wells,nwellsbl@photobucket.com,Male,100.167.29.94
Fred,Cruz,fcruzbm@google.fr,Male,143.63.243.103
Jacqueline,Robinson,jrobinsonbn@google.com.br,Female,114.146.157.241
Steven,Gardner,sgardnerbo@blogspot.com,Male,133.122.169.12
Sarah,Jenkins,sjenkinsbp@mapy.cz,Female,33.85.218.169
Frances,Flores,ffloresbq@microsoft.com,Female,162.19.194.74
Raymond,Alexander,ralexanderbr@google.ru,Male,181.159.172.234
Stephanie,Hicks,shicksbs@issuu.com,Female,174.45.67.84
Steve,Lawrence,slawrencebt@freewebs.com,Male,31.252.135.125
James,Johnston,jjohnstonbu@cbslocal.com,Male,174.228.144.166
Howard,Roberts,hrobertsbv@wordpress.org,Male,187.154.76.29
Kelly,Sims,ksimsbw@google.it,Female,198.7.129.177
Robert,Hudson,rhudsonbx@odnoklassniki.ru,Male,211.82.128.22
Susan,Webb,swebbby@xrea.com,Female,6.27.36.88
Douglas,Stanley,dstanleybz@wikispaces.com,Male,21.146.197.251
Phyllis,Crawford,pcrawfordc0@cpanel.net,Female,46.123.255.151
Heather,Harper,hharperc1@yahoo.com,Female,74.145.228.196
Joseph,Alexander,jalexanderc2@squidoo.com,Male,195.85.187.42
Tammy,Weaver,tweaverc3@sogou.com,Female,126.8.165.58
Tina,Green,tgreenc4@xinhuanet.com,Female,161.255.155.153
Anna,Howard,ahowardc5@delicious.com,Female,254.139.138.147
Helen,Castillo,hcastilloc6@virginia.edu,Female,4.83.132.254
Shawn,Woods,swoodsc7@bbb.org,Male,70.2.165.69
Jose,Harris,jharrisc8@tripadvisor.com,Male,37.185.2.234
Paula,Gutierrez,pgutierrezc9@ox.ac.uk,Female,226.176.141.205
Raymond,Little,rlittleca@accuweather.com,Male,166.52.3.211
Ernest,Howell,ehowellcb@paginegialle.it,Male,181.134.116.136
Samuel,Rivera,sriveracc@vistaprint.com,Male,93.249.193.125
Patricia,Greene,pgreenecd@goo.ne.jp,Female,199.243.152.162
Bonnie,Morgan,bmorgance@google.it,Female,3.29.130.115
Jessica,Warren,jwarrencf@bizjournals.com,Female,89.41.254.27
Jean,Murphy,jmurphycg@dailymail.co.uk,Female,111.60.79.33
Charles,Reed,creedch@washington.edu,Male,193.80.149.40
Karen,Miller,kmillerci@g.co,Female,207.156.195.117
Adam,Rice,aricecj@yelp.com,Male,114.56.188.153
Kelly,Simmons,ksimmonsck@businesswire.com,Female,103.140.176.177
Donald,Montgomery,dmontgomerycl@topsy.com,Male,191.57.85.195
Jose,Ford,jfordcm@foxnews.com,Male,159.199.145.236
Martin,Morgan,mmorgancn@illinois.edu,Male,75.0.93.224
Anna,Andrews,aandrewsco@bloglovin.com,Female,181.237.22.164
Norma,Collins,ncollinscp@alexa.com,Female,225.239.180.138
Eugene,Richards,erichardscq@wired.com,Male,170.126.226.253
Nancy,Graham,ngrahamcr@miibeian.gov.cn,Female,254.102.105.81
Anne,Mendoza,amendozacs@etsy.com,Female,248.145.192.21
Kathy,Webb,kwebbct@altervista.org,Female,108.219.110.99
Billy,Fields,bfieldscu@wisc.edu,Male,110.55.46.25
Joan,Garza,jgarzacv@dedecms.com,Female,96.158.222.125
Joyce,Hawkins,jhawkinscw@harvard.edu,Female,241.68.106.233
Joyce,Mccoy,jmccoycx@howstuffworks.com,Female,11.149.204.233
Tammy,Little,tlittlecy@icio.us,Female,52.221.249.118
Albert,Kennedy,akennedycz@dailymail.co.uk,Male,254.106.77.249
Johnny,Daniels,jdanielsd0@zdnet.com,Male,150.124.216.195
Stephen,Moreno,smorenod1@com.com,Male,13.159.22.71
George,Anderson,gandersond2@google.ca,Male,211.150.4.13
Wanda,Garrett,wgarrettd3@telegraph.co.uk,Female,106.54.62.137
Sandra,Scott,sscottd4@facebook.com,Female,62.95.111.197
Paul,Long,plongd5@soup.io,Male,202.76.215.163
William,Simpson,wsimpsond6@skyrock.com,Male,48.252.201.7
Angela,Willis,awillisd7@boston.com,Female,190.97.50.66
Judith,Rogers,jrogersd8@biglobe.ne.jp,Female,69.64.210.13
Mary,Garcia,mgarciad9@usgs.gov,Female,50.28.82.121
Cynthia,Dunn,cdunnda@xinhuanet.com,Female,243.104.80.238
Ruby,Henderson,rhendersondb@smugmug.com,Female,43.197.220.62
Charles,Hicks,chicksdc@imageshack.us,Male,54.167.194.69
Matthew,Williams,mwilliamsdd@bravesites.com,Male,207.251.203.136
Frank,Welch,fwelchde@cyberchimps.com,Male,171.77.137.110
Roy,Payne,rpaynedf@yelp.com,Male,183.28.152.160
Roger,Hanson,rhansondg@edublogs.org,Male,41.104.193.25
Benjamin,Harris,bharrisdh@senate.gov,Male,167.81.140.254
Jonathan,Tucker,jtuckerdi@instagram.com,Male,224.14.154.139
Jason,Ruiz,jruizdj@yahoo.com,Male,144.162.112.5
Christine,Montgomery,cmontgomerydk@cdc.gov,Female,205.81.229.104
Alan,Grant,agrantdl@twitpic.com,Male,90.194.238.197
Amanda,Rogers,arogersdm@mlb.com,Female,119.37.18.97
Marilyn,Carr,mcarrdn@google.ru,Female,181.70.191.71
David,Taylor,dtaylordo@csmonitor.com,Male,107.29.96.57
Alan,Peterson,apetersondp@cornell.edu,Male,149.208.226.216
Norma,Fox,nfoxdq@wikispaces.com,Female,11.215.62.169
Bruce,Montgomery,bmontgomerydr@berkeley.edu,Male,186.105.224.120
Gary,Mills,gmillsds@shutterfly.com,Male,75.24.222.93
Heather,Henderson,hhendersondt@pinterest.com,Female,203.73.37.224
Juan,Ray,jraydu@scribd.com,Male,207.79.237.100
Bruce,Carter,bcarterdv@xinhuanet.com,Male,182.62.235.135
Maria,Morrison,mmorrisondw@nifty.com,Female,123.103.253.61
Eric,Patterson,epattersondx@i2i.jp,Male,143.20.13.126
Heather,Pierce,hpiercedy@liveinternet.ru,Female,125.192.177.64
Patricia,Mccoy,pmccoydz@livejournal.com,Female,76.188.163.163
Nancy,Burton,nburtone0@wsj.com,Female,23.128.221.101
Louis,Parker,lparkere1@techcrunch.com,Male,88.166.36.11
Howard,Hunt,hhunte2@blogger.com,Male,104.204.85.126
Ruth,Hughes,rhughese3@netscape.com,Female,182.186.59.207
Douglas,Kelley,dkelleye4@technorati.com,Male,9.226.30.236
Judith,Montgomery,jmontgomerye5@wsj.com,Female,181.251.3.210
Howard,Richards,hrichardse6@ebay.co.uk,Male,102.227.13.226
Nicole,Graham,ngrahame7@oaic.gov.au,Female,17.58.66.68
Emily,Jones,ejonese8@auda.org.au,Female,178.154.38.21
Rose,Gonzalez,rgonzaleze9@devhub.com,Female,41.106.91.88
Denise,Garcia,dgarciaea@narod.ru,Female,176.87.245.25
Paula,Frazier,pfraziereb@microsoft.com,Female,178.122.101.108
Carol,Pierce,cpierceec@marriott.com,Female,119.207.21.121
Betty,Reyes,breyesed@dropbox.com,Female,238.163.192.198
Denise,Richards,drichardsee@quantcast.com,Female,148.195.168.168
Alice,Garcia,agarciaef@blog.com,Female,64.40.30.74
Kathleen,Miller,kmillereg@howstuffworks.com,Female,70.213.157.15
Frank,Olson,folsoneh@telegraph.co.uk,Male,232.140.48.70
Judith,Carroll,jcarrollei@instagram.com,Female,146.123.128.38
Jason,Fox,jfoxej@tamu.edu,Male,236.112.245.188
Marie,Reid,mreidek@163.com,Female,65.90.58.111
Cynthia,Williams,cwilliamsel@tamu.edu,Female,55.222.177.8
Joyce,Dean,jdeanem@stumbleupon.com,Female,56.207.20.41
Kathryn,Sullivan,ksullivanen@ucoz.ru,Female,25.134.124.125
Lawrence,Holmes,lholmeseo@mtv.com,Male,189.199.95.107
Michelle,Austin,maustinep@diigo.com,Female,76.9.252.97
Emily,Hart,eharteq@jugem.jp,Female,72.176.124.197
Dorothy,Bowman,dbowmaner@wp.com,Female,149.180.228.150
Mark,Gibson,mgibsones@bloglines.com,Male,106.185.110.25
Donna,Palmer,dpalmeret@npr.org,Female,46.114.133.178
Henry,Crawford,hcrawfordeu@fema.gov,Male,1.3.133.43
Wanda,Morrison,wmorrisonev@uiuc.edu,Female,231.190.171.48
Thomas,Rivera,triveraew@hatena.ne.jp,Male,190.44.235.249
Anna,Armstrong,aarmstrongex@arizona.edu,Female,85.32.163.28
Benjamin,Wood,bwoodey@ucla.edu,Male,158.141.125.60
Frank,Flores,ffloresez@guardian.co.uk,Male,23.58.213.46
Janet,Alvarez,jalvarezf0@technorati.com,Female,246.182.12.75
Gerald,Washington,gwashingtonf1@zdnet.com,Male,23.126.142.245
Ryan,Jacobs,rjacobsf2@rambler.ru,Male,177.156.157.147
Annie,Davis,adavisf3@xing.com,Female,124.121.131.22
Harry,Carpenter,hcarpenterf4@hibu.com,Male,194.148.124.53
Sandra,Armstrong,sarmstrongf5@free.fr,Female,53.178.200.7
Wayne,Hanson,whansonf6@umn.edu,Male,86.141.136.146
Denise,Berry,dberryf7@bloglovin.com,Female,111.54.223.212
Phillip,Gilbert,pgilbertf8@ovh.net,Male,79.63.218.8
Marilyn,Alvarez,malvarezf9@fotki.com,Female,40.75.185.166
Betty,Miller,bmillerfa@patch.com,Female,123.104.90.84
Walter,Parker,wparkerfb@freewebs.com,Male,37.49.210.144
Phyllis,Cook,pcookfc@google.de,Female,26.193.254.188
Mary,Watson,mwatsonfd@chronoengine.com,Female,101.99.107.115
Ruby,Hunt,rhuntfe@imgur.com,Female,30.175.84.205
Julie,Day,jdayff@umich.edu,Female,49.47.243.218
Paula,Medina,pmedinafg@java.com,Female,216.146.63.213
Karen,Hudson,khudsonfh@lulu.com,Female,0.223.52.136
Steven,Clark,sclarkfi@fda.gov,Male,230.31.11.153
Donna,Little,dlittlefj@goo.gl,Female,163.15.75.186
Rose,Carpenter,rcarpenterfk@arstechnica.com,Female,153.241.19.57
Brian,Andrews,bandrewsfl@chicagotribune.com,Male,54.109.151.43
Melissa,Daniels,mdanielsfm@tripod.com,Female,2.16.93.66
Matthew,Payne,mpaynefn@typepad.com,Male,176.1.118.169
Nicole,Cooper,ncooperfo@vistaprint.com,Female,128.120.237.17
Teresa,Marshall,tmarshallfp@oracle.com,Female,111.210.153.130
Antonio,Nelson,anelsonfq@wikipedia.org,Male,155.159.91.234
Chris,Roberts,crobertsfr@zimbio.com,Male,199.48.194.119
Ronald,Torres,rtorresfs@ameblo.jp,Male,29.39.175.102
Deborah,Reed,dreedft@vinaora.com,Female,205.239.205.218
Elizabeth,Mcdonald,emcdonaldfu@tiny.cc,Female,129.210.178.111
Stephanie,Hawkins,shawkinsfv@wunderground.com,Female,108.31.173.239
Terry,Sanders,tsandersfw@vinaora.com,Male,60.177.222.236
Frank,Carpenter,fcarpenterfx@trellian.com,Male,146.162.13.17
Sharon,Pierce,spiercefy@alexa.com,Female,124.33.36.108
Harold,Jones,hjonesfz@pcworld.com,Male,49.123.130.87
Harry,Carr,hcarrg0@smugmug.com,Male,12.199.133.219
Joshua,Baker,jbakerg1@twitpic.com,Male,20.100.195.215
Betty,Green,bgreeng2@japanpost.jp,Female,194.244.212.195
Anne,Thomas,athomasg3@4shared.com,Female,178.190.19.108
Janice,Moore,jmooreg4@shutterfly.com,Female,143.237.88.125
Sharon,Sims,ssimsg5@dmoz.org,Female,245.200.161.168
Virginia,Perkins,vperkinsg6@gnu.org,Female,87.102.178.180
Joshua,Washington,jwashingtong7@sciencedirect.com,Male,158.246.111.236
Walter,Brooks,wbrooksg8@clickbank.net,Male,85.32.62.187
Nicole,Griffin,ngriffing9@china.com.cn,Female,245.39.227.0
Steven,Dixon,sdixonga@dot.gov,Male,68.206.120.209
Beverly,Harris,bharrisgb@apple.com,Female,15.66.161.73
Cheryl,Foster,cfostergc@chicagotribune.com,Female,1.171.82.35
Benjamin,Richardson,brichardsongd@nhs.uk,Male,110.177.217.134
Brenda,Lewis,blewisge@privacy.gov.au,Female,22.206.161.141
Nicole,Young,nyounggf@cocolog-nifty.com,Female,7.189.30.112
Sara,Kelly,skellygg@tinyurl.com,Female,74.228.1.182
Stephen,Snyder,ssnydergh@blogspot.com,Male,119.222.143.253
Kimberly,Hill,khillgi@latimes.com,Female,66.8.129.149
Nicholas,Bryant,nbryantgj@latimes.com,Male,227.89.100.212
Joe,Rice,jricegk@mtv.com,Male,116.25.149.245
Jacqueline,Henderson,jhendersongl@de.vu,Female,201.36.31.154
Tina,Welch,twelchgm@istockphoto.com,Female,248.61.98.206
Joe,Phillips,jphillipsgn@yellowbook.com,Male,47.127.218.147
Doris,Stanley,dstanleygo@storify.com,Female,118.142.54.84
Matthew,Harvey,mharveygp@globo.com,Male,52.68.174.209
Theresa,Shaw,tshawgq@weibo.com,Female,16.17.111.247
Scott,Webb,swebbgr@odnoklassniki.ru,Male,157.155.138.229
Joe,Martinez,jmartinezgs@blinklist.com,Male,67.115.241.163
Marilyn,Carpenter,mcarpentergt@timesonline.co.uk,Female,136.130.127.88
Kimberly,Wagner,kwagnergu@hatena.ne.jp,Female,68.37.233.249
Sara,Gilbert,sgilbertgv@reference.com,Female,184.162.24.246
Heather,Woods,hwoodsgw@nature.com,Female,104.161.121.121
Linda,Fowler,lfowlergx@linkedin.com,Female,30.9.76.218
Jimmy,Lopez,jlopezgy@cnbc.com,Male,206.241.58.243
Carl,Lawrence,clawrencegz@google.co.uk,Male,248.55.241.242
Betty,Hudson,bhudsonh0@hhs.gov,Female,115.197.140.142
Carlos,Medina,cmedinah1@nasa.gov,Male,97.169.189.247
Pamela,Collins,pcollinsh2@squidoo.com,Female,169.70.2.75
Teresa,Stewart,tstewarth3@stanford.edu,Female,247.153.128.198
Willie,Gutierrez,wgutierrezh4@cbsnews.com,Male,237.52.137.64
Jessica,Patterson,jpattersonh5@sun.com,Female,133.115.22.201
Earl,Phillips,ephillipsh6@sciencedaily.com,Male,255.130.147.109
Michelle,Meyer,mmeyerh7@nifty.com,Female,240.108.200.111
Ann,Mills,amillsh8@nasa.gov,Female,212.110.225.246
Kathy,Reynolds,kreynoldsh9@senate.gov,Female,229.59.55.117
Todd,Matthews,tmatthewsha@earthlink.net,Male,41.2.217.137
Janice,Diaz,jdiazhb@gov.uk,Female,231.46.23.133
Cheryl,Bell,cbellhc@amazon.com,Female,136.30.110.5
Keith,Ford,kfordhd@nytimes.com,Male,72.130.129.223
Linda,Boyd,lboydhe@gravatar.com,Female,228.239.27.145
Sandra,Hayes,shayeshf@qq.com,Female,10.186.112.143
Douglas,Collins,dcollinshg@admin.ch,Male,115.8.133.162
Ryan,Wheeler,rwheelerhh@pcworld.com,Male,221.246.130.43
Anna,Parker,aparkerhi@youtube.com,Female,80.236.54.61
Douglas,Hernandez,dhernandezhj@un.org,Male,220.189.207.70
Jose,Wallace,jwallacehk@unc.edu,Male,117.44.34.254
Joyce,Lopez,jlopezhl@icq.com,Female,233.240.189.163
Chris,Patterson,cpattersonhm@multiply.com,Male,77.59.45.152
Rachel,Watson,rwatsonhn@deliciousdays.com,Female,55.128.71.125
Donna,Garcia,dgarciaho@imageshack.us,Female,28.111.62.159
Sara,Spencer,sspencerhp@house.gov,Female,53.97.254.32
Pamela,Kennedy,pkennedyhq@salon.com,Female,141.117.168.163
Mildred,Torres,mtorreshr@symantec.com,Female,143.247.232.170
Anna,Patterson,apattersonhs@zimbio.com,Female,208.91.161.108
Donna,Duncan,dduncanht@freewebs.com,Female,11.204.136.235
Joyce,Mason,jmasonhu@huffingtonpost.com,Female,13.201.249.130
Paul,James,pjameshv@globo.com,Male,125.94.122.135
Kathryn,Pierce,kpiercehw@vkontakte.ru,Female,148.103.119.70
Jason,King,jkinghx@loc.gov,Male,101.215.229.84
Deborah,Kelly,dkellyhy@feedburner.com,Female,221.244.15.68
Dorothy,Berry,dberryhz@tinyurl.com,Female,52.100.50.237
Marilyn,Henderson,mhendersoni0@cbsnews.com,Female,143.204.110.15
Dennis,Smith,dsmithi1@istockphoto.com,Male,65.148.99.146
Sara,Ray,srayi2@multiply.com,Female,245.168.251.143
Lawrence,Moreno,lmorenoi3@netvibes.com,Male,71.138.187.246
Harold,Fernandez,hfernandezi4@skyrock.com,Male,80.207.243.82
Jimmy,Andrews,jandrewsi5@mac.com,Male,208.156.164.131
Judy,Reynolds,jreynoldsi6@cam.ac.uk,Female,206.105.15.129
Melissa,Jacobs,mjacobsi7@spiegel.de,Female,143.172.228.251
Diana,Frazier,dfrazieri8@walmart.com,Female,187.49.55.50
Diane,Adams,dadamsi9@rediff.com,Female,83.64.251.160
Donald,Bishop,dbishopia@springer.com,Male,61.86.174.97
Joe,Dean,jdeanib@usatoday.com,Male,205.92.14.114
David,Olson,dolsonic@google.ca,Male,58.196.142.161
Lillian,Young,lyoungid@trellian.com,Female,162.226.202.196
Brandon,Reed,breedie@nih.gov,Male,94.113.72.131
Sean,Porter,sporterif@bigcartel.com,Male,95.239.158.252
Martin,Simpson,msimpsonig@go.com,Male,33.119.39.29
Eric,Ramos,eramosih@spiegel.de,Male,103.76.59.43
Joe,Alvarez,jalvarezii@irs.gov,Male,200.79.215.129
Tina,Moreno,tmorenoij@dedecms.com,Female,150.142.195.221
Keith,Lane,klaneik@illinois.edu,Male,230.107.83.122
Jonathan,Mendoza,jmendozail@joomla.org,Male,212.229.194.139
Nancy,Martin,nmartinim@comcast.net,Female,172.66.164.229
Alan,Stewart,astewartin@imageshack.us,Male,13.254.44.98
Raymond,Burton,rburtonio@amazonaws.com,Male,119.150.93.33
Christopher,Diaz,cdiazip@mtv.com,Male,136.215.59.84
Roy,Bennett,rbennettiq@dagondesign.com,Male,12.227.96.56
Joseph,Harris,jharrisir@census.gov,Male,245.5.167.245
Bonnie,Hicks,bhicksis@google.com.br,Female,104.37.231.33
Ruth,Watson,rwatsonit@ustream.tv,Female,56.112.25.210
Peter,Morrison,pmorrisoniu@sitemeter.com,Male,165.229.236.194
Rebecca,Carpenter,rcarpenteriv@oaic.gov.au,Female,110.108.165.9
Raymond,Burton,rburtoniw@vinaora.com,Male,26.217.195.22
Benjamin,Griffin,bgriffinix@marketwatch.com,Male,53.139.213.241
Ronald,Ortiz,rortiziy@forbes.com,Male,192.45.10.208
Heather,Woods,hwoodsiz@hc360.com,Female,252.64.195.3
Roger,Morris,rmorrisj0@histats.com,Male,172.163.247.74
Lisa,Fernandez,lfernandezj1@sciencedirect.com,Female,105.70.45.134
Nicole,Warren,nwarrenj2@cmu.edu,Female,141.92.65.48
Susan,Welch,swelchj3@reference.com,Female,101.4.220.152
Jason,King,jkingj4@unicef.org,Male,254.33.141.145
Brian,Ryan,bryanj5@stanford.edu,Male,223.140.77.1
Teresa,Montgomery,tmontgomeryj6@ow.ly,Female,160.70.12.88
Joyce,Carr,jcarrj7@nytimes.com,Female,137.173.116.57
Billy,Murphy,bmurphyj8@unc.edu,Male,214.96.21.126
Jesse,Owens,jowensj9@icq.com,Male,36.187.16.149
Lori,Romero,lromeroja@ucoz.com,Female,21.62.129.169
Shawn,Lee,sleejb@skyrock.com,Male,198.199.34.41
Pamela,Ellis,pellisjc@rediff.com,Female,158.242.149.216
Janet,Carter,jcarterjd@amazon.co.jp,Female,250.215.241.130
Barbara,Shaw,bshawje@jiathis.com,Female,71.197.254.28
Terry,Ross,trossjf@goo.ne.jp,Male,171.234.195.140
Jason,Graham,jgrahamjg@ycombinator.com,Male,139.164.113.30
Ryan,White,rwhitejh@sphinn.com,Male,68.178.12.182
Brenda,Pierce,bpierceji@ox.ac.uk,Female,85.252.75.34
Daniel,Montgomery,dmontgomeryjj@furl.net,Male,49.150.16.216
Roger,Long,rlongjk@weather.com,Male,176.6.232.164
Virginia,Riley,vrileyjl@yellowbook.com,Female,87.244.28.221
Jack,Hayes,jhayesjm@xrea.com,Male,207.143.59.50
Amanda,Mason,amasonjn@macromedia.com,Female,93.183.8.222
Marie,Walker,mwalkerjo@fastcompany.com,Female,123.201.108.129
Jeremy,Fisher,jfisherjp@indiatimes.com,Male,135.224.87.109
Shirley,Holmes,sholmesjq@google.de,Female,76.212.111.94
Kathryn,Kelly,kkellyjr@blogtalkradio.com,Female,13.204.63.172
Wanda,Kennedy,wkennedyjs@squidoo.com,Female,79.158.99.179
Wanda,Brown,wbrownjt@uiuc.edu,Female,235.248.203.219
Lillian,Meyer,lmeyerju@cnet.com,Female,107.210.245.249
Russell,Ruiz,rruizjv@dion.ne.jp,Male,181.230.255.168
Frank,Jenkins,fjenkinsjw@imdb.com,Male,145.162.37.154
Patricia,Morgan,pmorganjx@netlog.com,Female,164.255.189.228
Cynthia,Garcia,cgarciajy@imgur.com,Female,16.37.112.68
Craig,Dixon,cdixonjz@deliciousdays.com,Male,75.146.202.179
Jean,Murphy,jmurphyk0@moonfruit.com,Female,99.212.90.119
Benjamin,Boyd,bboydk1@unesco.org,Male,5.68.211.102
Earl,Cook,ecookk2@behance.net,Male,162.79.181.153
Jennifer,George,jgeorgek3@psu.edu,Female,216.219.113.220
Frank,Wright,fwrightk4@phoca.cz,Male,207.40.54.58
Melissa,Richardson,mrichardsonk5@elegantthemes.com,Female,242.146.242.36
Theresa,Crawford,tcrawfordk6@jugem.jp,Female,57.166.161.0
Diane,Harris,dharrisk7@virginia.edu,Female,133.6.206.62
Rebecca,Johnston,rjohnstonk8@bbc.co.uk,Female,145.206.226.78
Martin,Gibson,mgibsonk9@nsw.gov.au,Male,32.172.128.139
Paul,Hunt,phuntka@msu.edu,Male,0.83.153.118
Victor,Lynch,vlynchkb@cnbc.com,Male,37.129.230.17
Christine,Nguyen,cnguyenkc@bandcamp.com,Female,64.168.184.149
Larry,Garrett,lgarrettkd@creativecommons.org,Male,63.106.144.100
Betty,Dixon,bdixonke@wired.com,Female,232.15.209.136
Earl,Hall,ehallkf@comsenz.com,Male,9.86.105.144
Sarah,Bishop,sbishopkg@bloomberg.com,Female,217.32.64.187
Sean,Mason,smasonkh@dropbox.com,Male,164.132.100.12
Jacqueline,Perkins,jperkinski@tuttocitta.it,Female,204.212.176.216
Bruce,Diaz,bdiazkj@fotki.com,Male,91.69.141.219
Howard,Gilbert,hgilbertkk@barnesandnoble.com,Male,67.160.10.86
Robin,Collins,rcollinskl@reuters.com,Female,148.40.98.194
Kathleen,Gilbert,kgilbertkm@newsvine.com,Female,186.61.138.192
Frank,Morris,fmorriskn@economist.com,Male,174.247.176.239
Rebecca,Gomez,rgomezko@blogger.com,Female,203.214.57.126
Arthur,Jackson,ajacksonkp@sohu.com,Male,168.94.179.51
Janice,Chavez,jchavezkq@netscape.com,Female,23.183.145.93
Robert,Mitchell,rmitchellkr@umich.edu,Male,150.21.131.167
Larry,Jordan,ljordanks@newyorker.com,Male,169.86.229.93
Juan,Hamilton,jhamiltonkt@odnoklassniki.ru,Male,151.53.233.184
Harold,Greene,hgreeneku@icq.com,Male,87.171.5.186
Judy,Castillo,jcastillokv@youtu.be,Female,204.11.187.37
Alan,Ross,arosskw@bravesites.com,Male,157.58.114.150
Todd,Harrison,tharrisonkx@nba.com,Male,121.27.254.58
Lawrence,Jones,ljonesky@chicagotribune.com,Male,83.179.182.110
James,Hernandez,jhernandezkz@nationalgeographic.com,Male,167.27.234.234
Martha,Hudson,mhudsonl0@yale.edu,Female,233.174.175.85
Kimberly,Rogers,krogersl1@vkontakte.ru,Female,91.232.119.17
Shirley,Powell,spowelll2@prlog.org,Female,199.16.113.224
Steven,Ellis,sellisl3@istockphoto.com,Male,66.79.102.36
Brian,Powell,bpowelll4@nhs.uk,Male,223.169.67.45
Bruce,Diaz,bdiazl5@digg.com,Male,38.182.81.147
Frances,Peterson,fpetersonl6@bing.com,Female,11.252.186.190
Russell,Duncan,rduncanl7@answers.com,Male,104.162.158.118
Randy,Gutierrez,rgutierrezl8@technorati.com,Male,218.114.86.39
Teresa,Palmer,tpalmerl9@army.mil,Female,255.218.31.202
Cynthia,Perry,cperryla@exblog.jp,Female,179.180.79.158
Jennifer,Boyd,jboydlb@nps.gov,Female,2.37.115.111
Tammy,Crawford,tcrawfordlc@histats.com,Female,205.67.112.166
Fred,Sims,fsimsld@dagondesign.com,Male,211.166.109.236
Sharon,Phillips,sphillipsle@goo.ne.jp,Female,241.255.162.106
Katherine,Fisher,kfisherlf@facebook.com,Female,30.232.54.100
Theresa,Fuller,tfullerlg@symantec.com,Female,229.197.127.136
Julia,Weaver,jweaverlh@cam.ac.uk,Female,200.232.51.111
Anthony,Bowman,abowmanli@miitbeian.gov.cn,Male,249.211.136.16
Sean,Weaver,sweaverlj@cornell.edu,Male,230.138.51.134
Kimberly,Hudson,khudsonlk@nasa.gov,Female,235.245.142.194
Ronald,Wood,rwoodll@epa.gov,Male,234.158.151.189
Sandra,Robertson,srobertsonlm@tmall.com,Female,132.239.84.10
Lisa,Peterson,lpetersonln@hatena.ne.jp,Female,127.254.54.173
Janice,Williams,jwilliamslo@fotki.com,Female,98.201.4.169
Jason,Kim,jkimlp@technorati.com,Male,21.160.129.14
Timothy,Collins,tcollinslq@sciencedaily.com,Male,106.209.108.59
Jack,Tucker,jtuckerlr@pen.io,Male,254.235.20.36
Barbara,Stewart,bstewartls@blogs.com,Female,1.0.98.58
Wayne,Nichols,wnicholslt@nhs.uk,Male,47.150.19.54
Ernest,Dixon,edixonlu@wsj.com,Male,125.78.49.46
Ruby,Fisher,rfisherlv@adobe.com,Female,53.25.229.11
Bonnie,Allen,ballenlw@webs.com,Female,118.86.68.172
Norma,Montgomery,nmontgomerylx@printfriendly.com,Female,159.25.42.224
Edward,Jones,ejonesly@google.com.hk,Male,146.109.156.231
Carl,Elliott,celliottlz@who.int,Male,134.107.134.244
Mark,Brooks,mbrooksm0@yolasite.com,Male,184.106.228.77
Christopher,King,ckingm1@plala.or.jp,Male,245.205.167.228
George,Russell,grussellm2@a8.net,Male,153.82.102.71
Stephanie,Holmes,sholmesm3@tinypic.com,Female,155.134.238.255
Nicholas,Hughes,nhughesm4@nyu.edu,Male,204.19.82.177
Jerry,Dixon,jdixonm5@dagondesign.com,Male,177.196.104.213
Joan,George,jgeorgem6@jiathis.com,Female,36.20.168.250
Lawrence,Collins,lcollinsm7@google.ca,Male,191.206.101.11
Elizabeth,Fernandez,efernandezm8@myspace.com,Female,243.84.196.107
Keith,Brown,kbrownm9@ucla.edu,Male,102.83.2.28
Nicholas,Fox,nfoxma@aol.com,Male,85.212.189.23
Ruth,Fernandez,rfernandezmb@symantec.com,Female,135.200.143.95
Mary,Riley,mrileymc@soundcloud.com,Female,59.88.250.10
Peter,Ramos,pramosmd@japanpost.jp,Male,163.162.66.23
John,Gonzales,jgonzalesme@wiley.com,Male,170.206.244.124
Jeffrey,Rose,jrosemf@smugmug.com,Male,197.61.128.150
Peter,Carroll,pcarrollmg@hibu.com,Male,209.111.91.153
Nicholas,Weaver,nweavermh@csmonitor.com,Male,218.45.55.170
Katherine,Gonzalez,kgonzalezmi@imageshack.us,Female,133.152.175.185
Janet,Garza,jgarzamj@liveinternet.ru,Female,196.80.155.170
Tammy,Hall,thallmk@booking.com,Female,174.89.161.19
Mark,Mason,mmasonml@mlb.com,Male,123.50.114.138
Bobby,Payne,bpaynemm@51.la,Male,107.8.57.248
Jesse,Myers,jmyersmn@dell.com,Male,61.117.99.30
Virginia,Henderson,vhendersonmo@theglobeandmail.com,Female,129.6.68.23
Ruby,Rivera,rriveramp@berkeley.edu,Female,171.124.246.246
Ruby,Hicks,rhicksmq@hexun.com,Female,188.26.250.71
Jason,Ruiz,jruizmr@creativecommons.org,Male,169.81.218.211
Judy,Lawrence,jlawrencems@apache.org,Female,45.219.184.17
Aaron,Torres,atorresmt@ucoz.ru,Male,243.216.62.183
Donna,Little,dlittlemu@t-online.de,Female,23.6.43.181
Susan,Dean,sdeanmv@com.com,Female,206.134.208.118
Sharon,Ferguson,sfergusonmw@fastcompany.com,Female,38.178.185.165
Douglas,Kennedy,dkennedymx@cdbaby.com,Male,18.251.98.161
Ernest,Wilson,ewilsonmy@dailymotion.com,Male,216.147.5.80
Fred,Allen,fallenmz@salon.com,Male,26.234.149.136
Judith,Hudson,jhudsonn0@discuz.net,Female,147.138.29.233
Gloria,Matthews,gmatthewsn1@marriott.com,Female,160.222.174.80
Jean,Stone,jstonen2@facebook.com,Female,240.245.39.50
John,Stone,jstonen3@mashable.com,Male,161.255.81.70
Kelly,Bishop,kbishopn4@altervista.org,Female,171.33.207.218
Helen,Simpson,hsimpsonn5@list-manage.com,Female,176.191.97.43
Brandon,Sullivan,bsullivann6@oracle.com,Male,242.207.70.206
Michael,Nguyen,mnguyenn7@cbsnews.com,Male,181.54.150.129
Ruby,Warren,rwarrenn8@blogspot.com,Female,58.226.237.229
Tammy,Peterson,tpetersonn9@blog.com,Female,188.171.232.194
Alan,Kelly,akellyna@youtu.be,Male,197.199.86.107
Jennifer,Hunt,jhuntnb@cisco.com,Female,108.214.244.133
Rachel,Gonzalez,rgonzaleznc@tripadvisor.com,Female,167.64.65.116
Joyce,Burke,jburkend@utexas.edu,Female,188.14.51.155
Frank,Sanders,fsandersne@wp.com,Male,74.181.206.65
William,Griffin,wgriffinnf@umn.edu,Male,240.150.197.211
Theresa,Howell,thowellng@eepurl.com,Female,0.240.194.254
Billy,Nichols,bnicholsnh@marriott.com,Male,157.172.155.252
Peter,Mcdonald,pmcdonaldni@arstechnica.com,Male,109.0.79.74
Patricia,Howell,phowellnj@live.com,Female,90.10.221.58
Janice,Garcia,jgarciank@marriott.com,Female,7.3.243.185
Stephanie,Moreno,smorenonl@fotki.com,Female,25.156.159.162
Phyllis,Romero,promeronm@nyu.edu,Female,33.50.145.46
Linda,Ortiz,lortiznn@salon.com,Female,60.64.97.208
Debra,Franklin,dfranklinno@posterous.com,Female,137.220.54.207
Johnny,Hudson,jhudsonnp@furl.net,Male,15.60.34.140
Pamela,Morrison,pmorrisonnq@nydailynews.com,Female,24.0.197.86
Martha,Bishop,mbishopnr@bandcamp.com,Female,179.177.84.172
Richard,Ortiz,rortizns@blinklist.com,Male,205.0.234.235
Andrew,Hudson,ahudsonnt@nps.gov,Male,179.76.71.20
Carl,Lawrence,clawrencenu@xing.com,Male,134.72.128.59
Rebecca,Banks,rbanksnv@live.com,Female,32.104.71.7
Lois,Vasquez,lvasqueznw@omniture.com,Female,189.236.220.184
Eric,Allen,eallennx@gnu.org,Male,142.132.201.38
Marilyn,Stone,mstoneny@redcross.org,Female,211.135.120.137
Terry,Kelly,tkellynz@technorati.com,Male,212.41.0.32
Robert,Marshall,rmarshallo0@newyorker.com,Male,13.77.244.25
Russell,Bennett,rbennetto1@people.com.cn,Male,110.96.69.68
Daniel,Bryant,dbryanto2@feedburner.com,Male,252.180.48.244
Judith,Taylor,jtayloro3@about.me,Female,99.84.223.171
Wanda,Rice,wriceo4@skyrock.com,Female,223.254.176.35
Joyce,Russell,jrussello5@fema.gov,Female,61.0.183.12
Wanda,Clark,wclarko6@unicef.org,Female,217.196.160.30
Marilyn,Flores,mfloreso7@exblog.jp,Female,47.134.134.2
Walter,Perry,wperryo8@imageshack.us,Male,160.58.45.216
Janice,Bowman,jbowmano9@mit.edu,Female,8.34.13.1
Ernest,Gordon,egordonoa@mapquest.com,Male,203.137.31.25
James,Hanson,jhansonob@wix.com,Male,56.112.222.170
Helen,Griffin,hgriffinoc@surveymonkey.com,Female,218.185.110.242
Anthony,Ramos,aramosod@wired.com,Male,105.191.241.172
Angela,Mitchell,amitchelloe@buzzfeed.com,Female,191.66.202.192
Amy,Jenkins,ajenkinsof@so-net.ne.jp,Female,239.125.127.121
Steven,Gilbert,sgilbertog@mit.edu,Male,4.252.37.238
Matthew,Green,mgreenoh@dell.com,Male,71.45.114.220
Dennis,Burns,dburnsoi@jigsy.com,Male,106.34.153.121
Harry,Hernandez,hhernandezoj@cafepress.com,Male,50.109.205.40
Karen,Holmes,kholmesok@usda.gov,Female,126.41.138.215
Jesse,Fields,jfieldsol@goodreads.com,Male,131.149.53.212
Carl,Scott,cscottom@biglobe.ne.jp,Male,220.177.106.50
Shirley,Sims,ssimson@123-reg.co.uk,Female,200.171.172.204
Evelyn,Butler,ebutleroo@who.int,Female,171.229.36.190
Janet,Gardner,jgardnerop@mashable.com,Female,52.134.212.175
Ruby,Harris,rharrisoq@e-recht24.de,Female,181.12.18.165
Carolyn,Watkins,cwatkinsor@gizmodo.com,Female,243.29.17.95
Anna,Bell,abellos@skype.com,Female,92.46.116.4
Jesse,Kelly,jkellyot@spotify.com,Male,91.234.41.34
Frank,Olson,folsonou@prweb.com,Male,80.84.160.58
Juan,Robinson,jrobinsonov@github.com,Male,204.44.10.251
Steve,Crawford,scrawfordow@smh.com.au,Male,161.124.108.39
Kathryn,Watson,kwatsonox@sakura.ne.jp,Female,107.176.249.18
Jane,Washington,jwashingtonoy@army.mil,Female,48.198.246.202
Denise,Dean,ddeanoz@redcross.org,Female,73.237.190.97
Clarence,Cox,ccoxp0@paginegialle.it,Male,76.97.33.59
Carlos,Clark,cclarkp1@blogspot.com,Male,156.152.163.204
Roy,Lawson,rlawsonp2@google.com.au,Male,200.175.146.36
Sara,Myers,smyersp3@ibm.com,Female,44.204.141.72
Julia,Bishop,jbishopp4@acquirethisname.com,Female,127.33.47.197
Kenneth,Carter,kcarterp5@washingtonpost.com,Male,224.240.171.239
Paul,Miller,pmillerp6@salon.com,Male,237.11.245.54
Frances,Willis,fwillisp7@umich.edu,Female,235.127.88.0
Fred,Moore,fmoorep8@wunderground.com,Male,62.48.75.10
Heather,Palmer,hpalmerp9@multiply.com,Female,59.38.181.25
Maria,Lawson,mlawsonpa@wired.com,Female,14.104.33.15
Marilyn,Henderson,mhendersonpb@yolasite.com,Female,249.216.106.209
Catherine,Wagner,cwagnerpc@tumblr.com,Female,163.103.56.85
Howard,Bell,hbellpd@harvard.edu,Male,255.11.49.85
John,Webb,jwebbpe@smh.com.au,Male,17.21.88.250
Wayne,King,wkingpf@people.com.cn,Male,88.38.14.24
Ruth,Mills,rmillspg@ibm.com,Female,108.141.56.202
Joseph,Kelley,jkelleyph@biblegateway.com,Male,80.56.146.61
Donna,Garrett,dgarrettpi@china.com.cn,Female,130.140.184.134
Teresa,Lopez,tlopezpj@123-reg.co.uk,Female,187.20.217.171
Carlos,Bradley,cbradleypk@washington.edu,Male,45.140.87.19
Bobby,Austin,baustinpl@lycos.com,Male,128.190.193.73
Sara,Johnson,sjohnsonpm@behance.net,Female,20.127.3.211
Bobby,Foster,bfosterpn@pcworld.com,Male,42.158.136.40
Eugene,Lawrence,elawrencepo@prnewswire.com,Male,64.171.137.183
Paula,Wheeler,pwheelerpp@google.com.hk,Female,229.220.136.43
Elizabeth,Watkins,ewatkinspq@baidu.com,Female,89.172.141.167
Cheryl,Montgomery,cmontgomerypr@cocolog-nifty.com,Female,100.164.147.229
Brenda,Mccoy,bmccoyps@epa.gov,Female,215.105.108.199
Philip,Williams,pwilliamspt@japanpost.jp,Male,21.162.135.128
Eric,Crawford,ecrawfordpu@last.fm,Male,30.61.246.199
Kathryn,Martin,kmartinpv@livejournal.com,Female,143.161.161.195
Frank,Bennett,fbennettpw@google.cn,Male,71.59.98.48
Roy,Meyer,rmeyerpx@wired.com,Male,152.180.254.180
Ruby,Gordon,rgordonpy@weebly.com,Female,5.121.123.247
Lori,Elliott,lelliottpz@hugedomains.com,Female,43.213.126.117
Brandon,Tucker,btuckerq0@symantec.com,Male,83.71.105.161
Heather,Ray,hrayq1@blogtalkradio.com,Female,252.74.42.40
Patrick,Hill,phillq2@last.fm,Male,200.143.7.82
Carol,Lane,claneq3@themeforest.net,Female,135.199.189.164
Anthony,Riley,arileyq4@epa.gov,Male,166.46.77.78
Adam,Johnston,ajohnstonq5@scientificamerican.com,Male,168.176.6.31
Frank,Bowman,fbowmanq6@privacy.gov.au,Male,3.57.178.42
Lawrence,Bradley,lbradleyq7@over-blog.com,Male,158.93.7.196
Henry,Griffin,hgriffinq8@hubpages.com,Male,143.41.50.127
Arthur,Mason,amasonq9@aboutads.info,Male,216.242.196.141
Tina,Kelley,tkelleyqa@meetup.com,Female,195.244.246.94
Theresa,Sims,tsimsqb@livejournal.com,Female,238.71.152.221
Ryan,Freeman,rfreemanqc@ft.com,Male,64.71.177.70
Bonnie,Morales,bmoralesqd@hubpages.com,Female,251.149.89.233
Willie,Allen,wallenqe@google.fr,Male,85.212.231.250
Roy,Rice,rriceqf@microsoft.com,Male,237.117.74.139
Barbara,Grant,bgrantqg@phoca.cz,Female,238.149.189.206
Wanda,Patterson,wpattersonqh@merriam-webster.com,Female,99.84.26.193
Alan,Frazier,afrazierqi@biblegateway.com,Male,4.144.167.103
Wanda,Cunningham,wcunninghamqj@angelfire.com,Female,17.117.210.77
Donald,Bailey,dbaileyqk@oakley.com,Male,59.149.3.47
Tammy,Mendoza,tmendozaql@naver.com,Female,245.133.220.237
Angela,Garrett,agarrettqm@wordpress.org,Female,171.85.237.252
Steve,Hicks,shicksqn@ifeng.com,Male,125.190.29.74
Emily,Chavez,echavezqo@rambler.ru,Female,224.19.60.6
Margaret,Armstrong,marmstrongqp@51.la,Female,185.243.249.117
David,Nichols,dnicholsqq@umn.edu,Male,148.104.102.192
Nancy,Lopez,nlopezqr@g.co,Female,226.154.83.70
Jason,Myers,jmyersqs@weebly.com,Male,215.48.202.70
Kathleen,Schmidt,kschmidtqt@nhs.uk,Female,222.70.143.111
Jacqueline,Tucker,jtuckerqu@nydailynews.com,Female,180.167.13.114
Douglas,Harrison,dharrisonqv@symantec.com,Male,104.6.201.197
Gregory,Woods,gwoodsqw@webs.com,Male,5.35.81.112
Evelyn,Stevens,estevensqx@mtv.com,Female,188.156.23.8
Harry,Burton,hburtonqy@ed.gov,Male,253.247.0.166
Nicholas,Medina,nmedinaqz@samsung.com,Male,136.88.177.83
Lawrence,Williams,lwilliamsr0@mit.edu,Male,168.23.199.28
Howard,Harvey,hharveyr1@ft.com,Male,101.3.199.28
Ruby,Andrews,randrewsr2@wisc.edu,Female,159.52.134.202
Elizabeth,Ray,erayr3@patch.com,Female,115.133.169.8
Nancy,Garcia,ngarciar4@acquirethisname.com,Female,58.39.166.190
Gloria,Gibson,ggibsonr5@nbcnews.com,Female,32.118.161.4
Pamela,Fernandez,pfernandezr6@comcast.net,Female,6.111.12.148
Theresa,Matthews,tmatthewsr7@salon.com,Female,196.160.33.211
Joyce,Turner,jturnerr8@theatlantic.com,Female,62.227.143.213
Daniel,Hamilton,dhamiltonr9@ox.ac.uk,Male,144.198.111.44
Carolyn,Black,cblackra@soup.io,Female,98.159.61.20
Angela,Perkins,aperkinsrb@issuu.com,Female,67.254.89.117
Teresa,Edwards,tedwardsrc@europa.eu,Female,179.195.167.97
Elizabeth,Davis,edavisrd@examiner.com,Female,77.197.185.133
Theresa,Simpson,tsimpsonre@mozilla.com,Female,12.25.51.48
Anna,Hunt,ahuntrf@xing.com,Female,91.110.65.196
Maria,Watson,mwatsonrg@pen.io,Female,207.203.140.143
Terry,Hawkins,thawkinsrh@cocolog-nifty.com,Male,87.242.215.107
Irene,Fields,ifieldsri@lycos.com,Female,85.244.6.46
Gerald,Brown,gbrownrj@timesonline.co.uk,Male,162.151.123.20
Roy,Ramirez,rramirezrk@comsenz.com,Male,125.61.92.134
Doris,Stone,dstonerl@cdc.gov,Female,156.77.215.5
Amanda,Duncan,aduncanrm@princeton.edu,Female,48.126.241.201
Mark,Russell,mrussellrn@berkeley.edu,Male,166.226.7.78
Kimberly,Rice,kricero@hud.gov,Female,74.202.27.195
Brenda,Andrews,bandrewsrp@nps.gov,Female,105.56.164.175
Stephen,Reed,sreedrq@upenn.edu,Male,89.47.250.199
Patrick,Oliver,poliverrr@icq.com,Male,206.74.107.176
